,name,email,phone_num,city
0,Nirvaan Karpe,Nirvaan.Karpe@xfinity.com,85885-94201,Ichalkaranji
1,Parinaaz Gaba,Parinaaz_Gaba@yandex.com,78988-09236,Singrauli
2,Fateh Swaminathan,Fateh.S@xfinity.com,87649-28775,Sultan Pur Majra
3,Vanya Barad,Barad.Vanya87@raisoni.net,83302-45447,Kozhikode
4,Priyansh Sodhi,Sodhi.Priyansh68@raisoni.net,90439-25473,Indore
5,Aniruddh Ganesh,AniruddhGanesh83@outlook.com,85158-55286,Sagar
6,Akarsh Barman,Akarsh_Barman@xfinity.com,96571-25744,Proddatur
7,Tiya Kar,TKar@protonmail.com,97546-05382,Sambalpur
8,Akarsh Borde,ABorde83@rediffmail.com,75831-05664,Tumkur
9,Ivana Chadha,Ivana_C@xfinity.com,79699-51082,Srikakulam
10,Riya Borde,Riya.B@hotmail.com,97287-40983,Dindigul
11,Taimur Karan,TKaran@mail.com,85514-48825,Naihati
12,Ela Deol,Ela_Deol@xfinity.com,90084-19155,Alwar
13,Nirvaan Kaul,Kaul.Nirvaan@raisoni.net,85368-13010,Nellore
14,Aarav Das,Das_Aarav@comcast.net,91403-05910,Rewa
15,Nitara Dhawan,Dhawan_Nitara@xfinity.com,73602-30468,Hapur
16,Amira Lalla,Lalla.Amira@raisoni.net,79793-97688,Bahraich
17,Shayak Ramaswamy,Ramaswamy.Shayak@comcast.net,89796-89411,Ozhukarai
18,Yuvraj  Sinha,Yuvraj.Sinha25@yahoo.com,86736-74630,Delhi
19,Mannat Lata,Lata_Mannat@verizon.com,79531-38240,Muzaffarpur
20,Raghav Guha,Raghav_G@zoho.com,90057-40275,Kulti
21,Kashvi Chad,Chad.Kashvi@rediffmail.com,72147-40363,Khandwa
22,Tanya Amble,Tanya_Amble@raisoni.net,88222-05313,Dhanbad
23,Zoya Shankar,Zoya.S4@xfinity.com,90101-25293,Ramagundam
24,Anahita D’Alia,AnahitaD’Alia@verizon.com,93282-01558,Vadodara
25,Aaryahi Seshadri,Aaryahi.Seshadri56@protonmail.com,96209-68079,Pondicherry
26,Sana Chawla,Chawla_Sana@raisoni.net,86614-05449,Bhagalpur
27,Divij Sinha,DivijSinha@yandex.com,95651-68135,Bijapur
28,Ishita Saran,IshitaSaran72@yahoo.com,97226-74052,Bahraich
29,Kismat Guha,Guha_Kismat@rediffmail.com,75785-16518,Malegaon
30,Pihu Tak,Pihu.T@hotmail.com,85613-37557,Jalna
31,Zoya Chawla,Zoya_C@mail.com,87370-35863,Siliguri
32,Lagan Jha,Jha.Lagan74@rediffmail.com,78291-50208,Ichalkaranji
33,Chirag Kant,Chirag_Kant@hotmail.com,97841-38389,Panvel
34,Armaan Kala,Armaan.Kala@hotmail.com,75030-80389,Kanpur
35,Ehsaan Chahal,EChahal@raisoni.net,98676-24993,Jammu
36,Madhav Srinivas,MadhavSrinivas27@outlook.com,77090-09043,Motihari
37,Indrajit Dyal,Dyal.Indrajit@yandex.com,80609-17792,Dewas
38,Abram Madan,AbramMadan@gmail.com,76256-16300,Alwar
39,Inaaya  Sethi,Inaaya.S7@outlook.com,89452-40202,Tiruchirappalli
40,Vanya Chada,Vanya.C92@gmail.com,82723-05181,Unnao
41,Fateh Date,Fateh_Date@outlook.com,70587-14269,Tirunelveli
42,Rohan Karan,Karan.Rohan@zoho.com,73791-83681,Pune
43,Nirvaan Sarma,Nirvaan_S@zoho.com,95585-03724,Nagpur
44,Raghav Bains,Raghav_B36@yandex.com,78272-01575,Uluberia
45,Hrishita Gopal,Gopal.Hrishita@outlook.com,96745-15115,Muzaffarnagar
46,Nitya Deshmukh,Deshmukh.Nitya74@mail.com,93375-24423,Akola
47,Kiara Atwal,Kiara_Atwal@xfinity.com,83987-21466,Guntur
48,Rati Sandhu,Sandhu.Rati@verizon.com,85754-41878,Muzaffarnagar
49,Himmat Deol,Deol.Himmat@att.com,70263-52863,Bettiah
50,Saanvi Ahluwalia,Saanvi_A@att.com,88051-03812,Ramagundam
51,Ela Khare,Ela.K41@gmail.com,88777-16243,Varanasi
52,Nitya Bhardwaj,Bhardwaj.Nitya@att.com,71106-07088,Guwahati
53,Raghav Chakrabarti,Raghav_Chakrabarti@mail.com,74318-18785,Shivpuri
54,Ira Ranganathan,IRanganathan@hotmail.com,90196-58445,Chittoor
55,Nakul Choudhry,Nakul.C@verizon.com,89024-79697,Rampur
56,Divij Deep,DivijDeep@outlook.com,96370-99170,Nandyal
57,Sana Johal,Sana.J@verizon.com,76047-98260,Visakhapatnam
58,Riaan Venkatesh,Venkatesh.Riaan@comcast.net,94497-72794,Sambalpur
59,Saira Dani,Dani_Saira66@att.com,82012-47530,Ambala
60,Anvi Kade,Anvi.K@mail.com,86699-45592,Visakhapatnam
61,Manjari Khanna,ManjariKhanna@outlook.com,76572-27008,Ratlam
62,Vedika Ram,VRam@protonmail.com,72844-52847,Kavali
63,Krish Ganguly,KGanguly@att.com,81160-11860,Bikaner
64,Romil Datta,Romil_D@xfinity.com,81618-19664,South Dumdum
65,Priyansh Datta,PDatta84@raisoni.net,85560-61498,Bihar Sharif
66,Pari Shenoy,Pari_S@comcast.net,99569-13648,Moradabad
67,Mehul Bassi,Bassi.Mehul@rediffmail.com,93012-61014,Coimbatore
68,Romil Aurora,Romil.Aurora@yahoo.com,97752-93270,Begusarai
69,Samiha Taneja,SamihaTaneja@att.com,76189-21966,Bettiah
70,Kashvi Bawa,Bawa.Kashvi@hotmail.com,77894-98333,Davanagere
71,Inaaya  Wadhwa,Inaaya.W@comcast.net,95311-90001,Amritsar
72,Hridaan Luthra,Hridaan.Luthra@outlook.com,80480-67321,Phagwara
73,Prerak Maharaj,Prerak.M@rediffmail.com,78537-65271,Nanded
74,Divyansh Batra,Divyansh.Batra@outlook.com,74579-08765,Vijayawada
75,Faiyaz Bala,FaiyazBala79@rediffmail.com,87499-98169,Mira-Bhayandar
76,Shray Setty,ShraySetty@verizon.com,82330-97012,Ongole
77,Divij Sampath,Divij_S@raisoni.net,75506-72706,Chinsurah
78,Anahi Sachdev,Anahi_Sachdev@yahoo.com,85735-03641,Berhampore
79,Inaaya  Ray,Ray.Inaaya45@zoho.com,77373-32764,Hyderabad
80,Trisha Ranganathan,TrishaRanganathan@hotmail.com,86197-18867,Tiruppur
81,Prisha Ram,PrishaRam@aol.com,80675-58580,Solapur
82,Trisha Sarin,Trisha.S@gmail.com,92142-09112,Chennai
83,Anahita Dewan,Dewan.Anahita@gmail.com,97232-63275,Guntakal
84,Purab Bobal,Purab_B@zoho.com,81346-18454,Tiruvottiyur
85,Ranbir Bora,RanbirBora47@raisoni.net,80639-79563,Hindupur
86,Vedika Borde,VBorde@verizon.com,91713-60443,Sri Ganganagar
87,Parinaaz Wason,Wason.Parinaaz@yandex.com,98570-39485,Nagaon
88,Raunak Gandhi,RaunakGandhi@yahoo.com,73156-89905,Tirupati
89,Parinaaz Lala,ParinaazLala99@xfinity.com,91555-15478,New Delhi
90,Heer Guha,Heer.Guha17@att.com,92543-78721,Tiruchirappalli
91,Jhanvi Saran,JhanviSaran@att.com,98000-56558,Begusarai
92,Adah Gandhi,Adah_Gandhi@verizon.com,88620-71212,Surat
93,Aarav Sharma,Aarav_Sharma76@yahoo.com,71943-52699,Bijapur
94,Gatik Shankar,Gatik.Shankar@protonmail.com,99743-00488,Warangal
95,Anya Ramachandran,AnyaRamachandran@hotmail.com,94622-24712,Bulandshahr
96,Vardaniya Din,Vardaniya_Din@hotmail.com,89277-97276,Jamalpur
97,Riaan Buch,Buch.Riaan@hotmail.com,94008-10969,Berhampore
98,Zara Sibal,ZaraSibal@mail.com,94842-53856,Bhiwani
99,Sahil Wali,Sahil.W@raisoni.net,92900-85832,Tadipatri
